{
  "batch_step_ms": 258.2732938951062,
  "batch_steps_per_sec": 3.871867605506805,
  "collision_rate": 0.0,
  "coverage_hit_dilate_radius": 1,
  "cr_max": 1.0,
  "cr_mean": 0.9844822287559509,
  "cr_min": 0.9024780988693237,
  "cr_p10": 0.9632455110549927,
  "cr_p25": 0.9772332906723022,
  "cr_p50": 0.9902051091194153,
  "cr_p75": 0.996459424495697,
  "cr_p90": 0.999413788318634,
  "cr_std": 0.016168387606739998,
  "dataset": "shapenet",
  "early_stop_rate": 0.505,
  "elapsed_s": 72.05824899673462,
  "env_step_calls": 279,
  "env_steps_per_sec": 247.79952675243553,
  "ep_len_mean": 27.623332977294922,
  "ep_len_p50": 6.0,
  "episode_new_gt_voxels_mean": 44257.90625,
  "episode_novelty_ratio_mean": 0.22028955817222595,
  "episode_redundancy_ratio_mean": 0.7797104120254517,
  "episode_revisit_penalty_mean": 0.0,
  "episode_reward_mean": 20.194643020629883,
  "episode_visible_gt_voxels_mean": 519333.53125,
  "episodes_per_sec": 8.326597001089903,
  "n_episodes": 600,
  "policy": "axis6",
  "reach_cr_50_rate": 1.0,
  "reach_cr_80_rate": 1.0,
  "reach_threshold_rate": 0.505,
  "timeout_rate": 0.495,
  "total_env_steps": 17856
}