{
  "collision_rate": 0.0,
  "cr_max": 1.0,
  "cr_mean": 0.9907507300376892,
  "cr_min": 0.8201097249984741,
  "cr_p10": 0.9887632727622986,
  "cr_p50": 0.9911731481552124,
  "cr_p90": 0.9980739951133728,
  "cr_std": 0.011379225179553032,
  "elapsed_s": 59.40312419899999,
  "env_step_calls": 483,
  "env_steps_per_sec": 520.3766707024541,
  "episodes_per_sec": 10.100478856802292,
  "n_episodes": 600,
  "policy": "discrete_s1_det",
  "reward_mean": 20.68990707397461,
  "steps_mean": 17.55666732788086,
  "steps_p50": 12.0,
  "success_rate": 0.885,
  "timeout_rate": 0.115
}