{
  "batch_step_ms": 258.3543527938132,
  "batch_steps_per_sec": 3.8706528037407506,
  "collision_rate": 0.0,
  "coverage_hit_dilate_radius": 1,
  "cr_max": 1.0,
  "cr_mean": 0.9844574928283691,
  "cr_min": 0.9031335711479187,
  "cr_p10": 0.9634414911270142,
  "cr_p25": 0.9768980145454407,
  "cr_p50": 0.9901553392410278,
  "cr_p75": 0.9965398907661438,
  "cr_p90": 0.9993451237678528,
  "cr_std": 0.016174601390957832,
  "dataset": "shapenet",
  "early_stop_rate": 0.5066666666666667,
  "elapsed_s": 72.08086442947388,
  "env_step_calls": 279,
  "env_steps_per_sec": 247.72177943940804,
  "ep_len_mean": 27.549999237060547,
  "ep_len_p50": 6.0,
  "episode_new_gt_voxels_mean": 44297.26953125,
  "episode_novelty_ratio_mean": 0.22095270454883575,
  "episode_redundancy_ratio_mean": 0.7790473103523254,
  "episode_revisit_penalty_mean": 0.0,
  "episode_reward_mean": 20.195817947387695,
  "episode_visible_gt_voxels_mean": 518113.96875,
  "episodes_per_sec": 8.323984524173657,
  "n_episodes": 600,
  "policy": "axis6",
  "reach_cr_50_rate": 1.0,
  "reach_cr_80_rate": 1.0,
  "reach_threshold_rate": 0.5066666666666667,
  "timeout_rate": 0.49333333333333335,
  "total_env_steps": 17856
}