{
  "batch_step_ms": 262.26505414763494,
  "batch_steps_per_sec": 3.812936509021432,
  "collision_rate": 0.0,
  "coverage_hit_dilate_radius": 1,
  "cr_max": 0.997585654258728,
  "cr_mean": 0.9799613356590271,
  "cr_min": 0.8195589184761047,
  "cr_p10": 0.9555485844612122,
  "cr_p25": 0.9767125844955444,
  "cr_p50": 0.9900927543640137,
  "cr_p75": 0.9909133911132812,
  "cr_p90": 0.9923205375671387,
  "cr_std": 0.02114095538854599,
  "dataset": "shapenet",
  "early_stop_rate": 0.54,
  "elapsed_s": 105.43055176734924,
  "env_step_calls": 402,
  "env_steps_per_sec": 244.02793657737166,
  "ep_len_mean": 40.731666564941406,
  "ep_len_p50": 43.0,
  "episode_new_gt_voxels_mean": 43918.4453125,
  "episode_novelty_ratio_mean": 0.05728808790445328,
  "episode_redundancy_ratio_mean": 0.9427118897438049,
  "episode_revisit_penalty_mean": 0.0,
  "episode_reward_mean": 19.80878257751465,
  "episode_visible_gt_voxels_mean": 820544.6875,
  "episodes_per_sec": 5.690950013464824,
  "n_episodes": 600,
  "policy": "ring",
  "reach_cr_50_rate": 1.0,
  "reach_cr_80_rate": 1.0,
  "reach_threshold_rate": 0.54,
  "timeout_rate": 0.46,
  "total_env_steps": 25728
}