{
  "collision_rate": 0.0,
  "cr_max": 1.0,
  "cr_mean": 0.9913104176521301,
  "cr_min": 0.8276519775390625,
  "cr_p10": 0.9900055527687073,
  "cr_p50": 0.9911424517631531,
  "cr_p90": 0.9976059794425964,
  "cr_std": 0.00898248516023159,
  "elapsed_s": 58.329589580000004,
  "env_step_calls": 493,
  "env_steps_per_sec": 540.926144469539,
  "episodes_per_sec": 10.28637445111953,
  "n_episodes": 600,
  "policy": "discrete_s1_det",
  "reward_mean": 20.715864181518555,
  "steps_mean": 15.6899995803833,
  "steps_p50": 10.0,
  "success_rate": 0.9033333333333333,
  "timeout_rate": 0.09666666666666666
}