{
  "batch_step_ms": 237.7923013932549,
  "batch_steps_per_sec": 4.205350611188313,
  "collision_rate": 0.20333333333333334,
  "coverage_hit_dilate_radius": 1,
  "cr_max": 0.9998624920845032,
  "cr_mean": 0.7318610548973083,
  "cr_min": 0.0,
  "cr_p10": 0.4029267728328705,
  "cr_p25": 0.6594321131706238,
  "cr_p50": 0.8026801347732544,
  "cr_p75": 0.8902286291122437,
  "cr_p90": 0.949748158454895,
  "cr_std": 0.23205240070819855,
  "dataset": "shapenet",
  "early_stop_rate": 0.02,
  "elapsed_s": 105.34198951721191,
  "env_step_calls": 443,
  "env_steps_per_sec": 269.14243911605206,
  "ep_len_mean": 44.313331604003906,
  "ep_len_p50": 50.0,
  "episode_new_gt_voxels_mean": 33011.08984375,
  "episode_novelty_ratio_mean": 0.5368820428848267,
  "episode_redundancy_ratio_mean": 0.4397846460342407,
  "episode_revisit_penalty_mean": 0.0,
  "episode_reward_mean": 12.126778602600098,
  "episode_visible_gt_voxels_mean": 68984.4375,
  "episodes_per_sec": 5.695734462106067,
  "n_episodes": 600,
  "policy": "random",
  "reach_cr_50_rate": 0.8666666666666667,
  "reach_cr_80_rate": 0.5033333333333333,
  "reach_threshold_rate": 0.02,
  "timeout_rate": 0.7766666666666666,
  "total_env_steps": 28352
}