{
  "batch_step_ms": 270.16069057375887,
  "batch_steps_per_sec": 3.7015007545184724,
  "collision_rate": 0.0,
  "coverage_hit_dilate_radius": 1,
  "cr_max": 0.9994999766349792,
  "cr_mean": 0.989627480506897,
  "cr_min": 0.8128429651260376,
  "cr_p10": 0.9874402284622192,
  "cr_p25": 0.9901762008666992,
  "cr_p50": 0.9909515380859375,
  "cr_p75": 0.992988109588623,
  "cr_p90": 0.9957900643348694,
  "cr_std": 0.01129012182354927,
  "dataset": "shapenet",
  "early_stop_rate": 0.8583333333333333,
  "elapsed_s": 58.084548473358154,
  "env_step_calls": 215,
  "env_steps_per_sec": 236.89604828918223,
  "ep_len_mean": 21.126667022705078,
  "ep_len_p50": 15.0,
  "episode_new_gt_voxels_mean": 45789.375,
  "episode_novelty_ratio_mean": 0.15784674882888794,
  "episode_redundancy_ratio_mean": 0.8421532511711121,
  "episode_revisit_penalty_mean": 0.0,
  "episode_reward_mean": 20.6433048248291,
  "episode_visible_gt_voxels_mean": 377067.25,
  "episodes_per_sec": 10.329769547493411,
  "n_episodes": 600,
  "policy": "ppo",
  "reach_cr_50_rate": 1.0,
  "reach_cr_80_rate": 1.0,
  "reach_threshold_rate": 0.8583333333333333,
  "timeout_rate": 0.14166666666666666,
  "total_env_steps": 13760
}