{
  "batch_step_ms": 118.51312833673813,
  "batch_steps_per_sec": 8.437883752073802,
  "collision_rate": 0.0,
  "coverage_hit_dilate_radius": 1,
  "cr_max": 0.9985927939414978,
  "cr_mean": 0.9934410452842712,
  "cr_min": 0.9900892972946167,
  "cr_p10": 0.9901763200759888,
  "cr_p25": 0.9907784461975098,
  "cr_p50": 0.9918155670166016,
  "cr_p75": 0.9976333975791931,
  "cr_p90": 0.9979883432388306,
  "cr_std": 0.003288154723122716,
  "dataset": "shapenet",
  "early_stop_rate": 1.0,
  "elapsed_s": 4.029446363449097,
  "env_step_calls": 34,
  "env_steps_per_sec": 202.50921004977124,
  "ep_len_mean": 12.375,
  "ep_len_p50": 13.0,
  "episode_new_gt_voxels_mean": 37849.58203125,
  "episode_novelty_ratio_mean": 0.19537557661533356,
  "episode_redundancy_ratio_mean": 0.8046244978904724,
  "episode_revisit_penalty_mean": 0.0,
  "episode_reward_mean": 20.868820190429688,
  "episode_visible_gt_voxels_mean": 224919.421875,
  "episodes_per_sec": 5.956153236757978,
  "n_episodes": 24,
  "policy": "ppo",
  "reach_cr_50_rate": 1.0,
  "reach_cr_80_rate": 1.0,
  "reach_threshold_rate": 1.0,
  "timeout_rate": 0.0,
  "total_env_steps": 816
}