{
  "batch_step_ms": 76.7543077468872,
  "batch_steps_per_sec": 13.028584705599867,
  "collision_rate": 0.0,
  "coverage_hit_dilate_radius": 1,
  "cr_max": 0.9996943473815918,
  "cr_mean": 0.9908838868141174,
  "cr_min": 0.8977811336517334,
  "cr_p10": 0.9819952249526978,
  "cr_p25": 0.9962121248245239,
  "cr_p50": 0.9967435598373413,
  "cr_p75": 0.998039722442627,
  "cr_p90": 0.998039722442627,
  "cr_std": 0.020278209820389748,
  "dataset": "shapenet",
  "early_stop_rate": 0.8333333333333334,
  "elapsed_s": 3.8377153873443604,
  "env_step_calls": 50,
  "env_steps_per_sec": 312.6860329343968,
  "ep_len_mean": 13.0,
  "ep_len_p50": 6.0,
  "episode_new_gt_voxels_mean": 36153.58203125,
  "episode_novelty_ratio_mean": 0.3268710672855377,
  "episode_redundancy_ratio_mean": 0.6731289029121399,
  "episode_revisit_penalty_mean": 0.0,
  "episode_reward_mean": 20.651010513305664,
  "episode_visible_gt_voxels_mean": 210399.828125,
  "episodes_per_sec": 6.253720658687936,
  "n_episodes": 24,
  "policy": "axis6",
  "reach_cr_50_rate": 1.0,
  "reach_cr_80_rate": 1.0,
  "reach_threshold_rate": 0.8333333333333334,
  "timeout_rate": 0.16666666666666666,
  "total_env_steps": 1200
}