{
  "batch_step_ms": 280.21558873793657,
  "batch_steps_per_sec": 3.568680830727161,
  "collision_rate": 0.0,
  "coverage_hit_dilate_radius": 1,
  "cr_max": 1.0,
  "cr_mean": 0.9912257790565491,
  "cr_min": 0.8201097249984741,
  "cr_p10": 0.9894470572471619,
  "cr_p25": 0.9903926849365234,
  "cr_p50": 0.9914469122886658,
  "cr_p75": 0.9954941272735596,
  "cr_p90": 0.998751163482666,
  "cr_std": 0.011958818882703781,
  "dataset": "shapenet",
  "early_stop_rate": 0.8966666666666666,
  "elapsed_s": 47.63665008544922,
  "env_step_calls": 170,
  "env_steps_per_sec": 228.3955731665383,
  "ep_len_mean": 16.366666793823242,
  "ep_len_p50": 11.0,
  "episode_new_gt_voxels_mean": 45327.140625,
  "episode_novelty_ratio_mean": 0.24347427487373352,
  "episode_redundancy_ratio_mean": 0.7565257549285889,
  "episode_revisit_penalty_mean": 0.0,
  "episode_reward_mean": 20.712158203125,
  "episode_visible_gt_voxels_mean": 286700.53125,
  "episodes_per_sec": 12.595344108448803,
  "n_episodes": 600,
  "policy": "ppo",
  "reach_cr_50_rate": 1.0,
  "reach_cr_80_rate": 1.0,
  "reach_threshold_rate": 0.8966666666666666,
  "timeout_rate": 0.10333333333333333,
  "total_env_steps": 10880
}