{
  "batch_step_ms": 262.02600800903616,
  "batch_steps_per_sec": 3.816415048255493,
  "collision_rate": 0.0,
  "coverage_hit_dilate_radius": 1,
  "cr_max": 0.998136579990387,
  "cr_mean": 0.9802016019821167,
  "cr_min": 0.8181818127632141,
  "cr_p10": 0.957219660282135,
  "cr_p25": 0.9781511425971985,
  "cr_p50": 0.9900972843170166,
  "cr_p75": 0.9908568859100342,
  "cr_p90": 0.9923591017723083,
  "cr_std": 0.021530993282794952,
  "dataset": "shapenet",
  "early_stop_rate": 0.5383333333333333,
  "elapsed_s": 107.1686372756958,
  "env_step_calls": 409,
  "env_steps_per_sec": 244.25056308835156,
  "ep_len_mean": 41.063331604003906,
  "ep_len_p50": 45.0,
  "episode_new_gt_voxels_mean": 44074.078125,
  "episode_novelty_ratio_mean": 0.05898888409137726,
  "episode_redundancy_ratio_mean": 0.9410111308097839,
  "episode_revisit_penalty_mean": 0.0,
  "episode_reward_mean": 19.790266036987305,
  "episode_visible_gt_voxels_mean": 797920.125,
  "episodes_per_sec": 5.5986528825263955,
  "n_episodes": 600,
  "policy": "ring",
  "reach_cr_50_rate": 1.0,
  "reach_cr_80_rate": 1.0,
  "reach_threshold_rate": 0.5383333333333333,
  "timeout_rate": 0.46166666666666667,
  "total_env_steps": 26176
}