{
  "batch_step_ms": 115.25248078738942,
  "batch_steps_per_sec": 8.676602821632427,
  "collision_rate": 0.0,
  "coverage_hit_dilate_radius": 1,
  "cr_max": 0.9978206753730774,
  "cr_mean": 0.993808925151825,
  "cr_min": 0.990327775478363,
  "cr_p10": 0.9903514981269836,
  "cr_p25": 0.9909040927886963,
  "cr_p50": 0.9935483932495117,
  "cr_p75": 0.996757447719574,
  "cr_p90": 0.9978206753730774,
  "cr_std": 0.002747588325291872,
  "dataset": "shapenet",
  "early_stop_rate": 1.0,
  "elapsed_s": 3.9185843467712402,
  "env_step_calls": 34,
  "env_steps_per_sec": 208.23846771917823,
  "ep_len_mean": 11.291666984558105,
  "ep_len_p50": 7.5,
  "episode_new_gt_voxels_mean": 38461.45703125,
  "episode_novelty_ratio_mean": 0.30927881598472595,
  "episode_redundancy_ratio_mean": 0.6907212138175964,
  "episode_revisit_penalty_mean": 0.0,
  "episode_reward_mean": 20.874420166015625,
  "episode_visible_gt_voxels_mean": 192103.0,
  "episodes_per_sec": 6.124660815269948,
  "n_episodes": 24,
  "policy": "ppo",
  "reach_cr_50_rate": 1.0,
  "reach_cr_80_rate": 1.0,
  "reach_threshold_rate": 1.0,
  "timeout_rate": 0.0,
  "total_env_steps": 816
}