{
  "collision_rate": 0.0,
  "cr_max": 0.9999649524688721,
  "cr_mean": 0.9880983233451843,
  "cr_min": 0.8240291476249695,
  "cr_p10": 0.9774531722068787,
  "cr_p50": 0.9908120632171631,
  "cr_p90": 0.9968714714050293,
  "cr_std": 0.013994788751006126,
  "elapsed_s": 59.873379899999975,
  "env_step_calls": 500,
  "env_steps_per_sec": 534.4612255637837,
  "episodes_per_sec": 10.021147979320945,
  "n_episodes": 600,
  "policy": "discrete_s1_det",
  "reward_mean": 20.4554500579834,
  "steps_mean": 24.7016658782959,
  "steps_p50": 16.0,
  "success_rate": 0.7166666666666667,
  "timeout_rate": 0.2833333333333333
}