{
  "batch_step_ms": 73.93115520477295,
  "batch_steps_per_sec": 13.526097316215623,
  "collision_rate": 0.0,
  "coverage_hit_dilate_radius": 1,
  "cr_max": 0.9996943473815918,
  "cr_mean": 0.9908654093742371,
  "cr_min": 0.8973584771156311,
  "cr_p10": 0.9823472499847412,
  "cr_p25": 0.9961704015731812,
  "cr_p50": 0.9966523051261902,
  "cr_p75": 0.998039722442627,
  "cr_p90": 0.998039722442627,
  "cr_std": 0.020345419645309448,
  "dataset": "shapenet",
  "early_stop_rate": 0.8333333333333334,
  "elapsed_s": 3.6965577602386475,
  "env_step_calls": 50,
  "env_steps_per_sec": 324.6263355891749,
  "ep_len_mean": 13.0,
  "ep_len_p50": 6.0,
  "episode_new_gt_voxels_mean": 36152.79296875,
  "episode_novelty_ratio_mean": 0.32692810893058777,
  "episode_redundancy_ratio_mean": 0.6730719208717346,
  "episode_revisit_penalty_mean": 0.0,
  "episode_reward_mean": 20.65064239501953,
  "episode_visible_gt_voxels_mean": 210369.203125,
  "episodes_per_sec": 6.492526711783499,
  "n_episodes": 24,
  "policy": "axis6",
  "reach_cr_50_rate": 1.0,
  "reach_cr_80_rate": 1.0,
  "reach_threshold_rate": 0.8333333333333334,
  "timeout_rate": 0.16666666666666666,
  "total_env_steps": 1200
}