{
  "batch_step_ms": 274.8500903447469,
  "batch_steps_per_sec": 3.638346993976575,
  "collision_rate": 0.0,
  "coverage_hit_dilate_radius": 1,
  "cr_max": 1.0,
  "cr_mean": 0.9913952350616455,
  "cr_min": 0.8311476707458496,
  "cr_p10": 0.9901378750801086,
  "cr_p25": 0.9904342889785767,
  "cr_p50": 0.9912108778953552,
  "cr_p75": 0.992372989654541,
  "cr_p90": 0.9939812421798706,
  "cr_std": 0.006893237587064505,
  "dataset": "shapenet",
  "early_stop_rate": 0.9833333333333333,
  "elapsed_s": 59.36761951446533,
  "env_step_calls": 216,
  "env_steps_per_sec": 232.8542076145008,
  "ep_len_mean": 21.829999923706055,
  "ep_len_p50": 21.0,
  "episode_new_gt_voxels_mean": 45876.1796875,
  "episode_novelty_ratio_mean": 0.12210375815629959,
  "episode_redundancy_ratio_mean": 0.8778963088989258,
  "episode_revisit_penalty_mean": 0.0,
  "episode_reward_mean": 20.792247772216797,
  "episode_visible_gt_voxels_mean": 419056.46875,
  "episodes_per_sec": 10.106519427712708,
  "n_episodes": 600,
  "policy": "fibonacci",
  "reach_cr_50_rate": 1.0,
  "reach_cr_80_rate": 1.0,
  "reach_threshold_rate": 0.9833333333333333,
  "timeout_rate": 0.016666666666666666,
  "total_env_steps": 13824
}