{
  "batch_step_ms": 276.05540774486684,
  "batch_steps_per_sec": 3.622461186937551,
  "collision_rate": 0.0,
  "coverage_hit_dilate_radius": 1,
  "cr_max": 0.9996594786643982,
  "cr_mean": 0.9911284446716309,
  "cr_min": 0.8312323689460754,
  "cr_p10": 0.9901517629623413,
  "cr_p25": 0.990503191947937,
  "cr_p50": 0.9912333488464355,
  "cr_p75": 0.9922623634338379,
  "cr_p90": 0.9938138127326965,
  "cr_std": 0.009498851373791695,
  "dataset": "shapenet",
  "early_stop_rate": 0.9833333333333333,
  "elapsed_s": 59.627968072891235,
  "env_step_calls": 216,
  "env_steps_per_sec": 231.83751596400327,
  "ep_len_mean": 21.696666717529297,
  "ep_len_p50": 20.0,
  "episode_new_gt_voxels_mean": 45951.421875,
  "episode_novelty_ratio_mean": 0.12054051458835602,
  "episode_redundancy_ratio_mean": 0.8794594407081604,
  "episode_revisit_penalty_mean": 0.0,
  "episode_reward_mean": 20.789731979370117,
  "episode_visible_gt_voxels_mean": 430248.15625,
  "episodes_per_sec": 10.062392185937643,
  "n_episodes": 600,
  "policy": "fibonacci",
  "reach_cr_50_rate": 1.0,
  "reach_cr_80_rate": 1.0,
  "reach_threshold_rate": 0.9833333333333333,
  "timeout_rate": 0.016666666666666666,
  "total_env_steps": 13824
}