{
  "batch_step_ms": 235.31529744466147,
  "batch_steps_per_sec": 4.249617474338521,
  "collision_rate": 0.16166666666666665,
  "coverage_hit_dilate_radius": 1,
  "cr_max": 0.9986939430236816,
  "cr_mean": 0.7651234269142151,
  "cr_min": 0.0,
  "cr_p10": 0.496919184923172,
  "cr_p25": 0.6962348222732544,
  "cr_p50": 0.8251438736915588,
  "cr_p75": 0.906446635723114,
  "cr_p90": 0.9589911103248596,
  "cr_std": 0.20705698430538177,
  "dataset": "shapenet",
  "early_stop_rate": 0.025,
  "elapsed_s": 105.89188385009766,
  "env_step_calls": 450,
  "env_steps_per_sec": 271.97551835766535,
  "ep_len_mean": 45.78499984741211,
  "ep_len_p50": 50.0,
  "episode_new_gt_voxels_mean": 34500.96484375,
  "episode_novelty_ratio_mean": 0.5202475786209106,
  "episode_redundancy_ratio_mean": 0.46808573603630066,
  "episode_revisit_penalty_mean": 0.0,
  "episode_reward_mean": 13.187564849853516,
  "episode_visible_gt_voxels_mean": 74543.484375,
  "episodes_per_sec": 5.6661566324513615,
  "n_episodes": 600,
  "policy": "random",
  "reach_cr_50_rate": 0.8983333333333333,
  "reach_cr_80_rate": 0.5483333333333333,
  "reach_threshold_rate": 0.025,
  "timeout_rate": 0.8133333333333334,
  "total_env_steps": 28800
}